No. Etiqueta,Cantidad,Articulo,Marca,Modelo,No. De Serie,Estado,Caracteristicas,Ubicación Fisica,Observaciones,Encontrado,Encargado
6479,1,REPRODUCTOR DE DVD,SAMSUNG,C-350K,300923,BUENO,REPRODUCTOR DE DVD,SALA DIGITAL,S/O,0,Quique
6480,1,AMPLIFICADOR DE SONIDO,KRAMER,900XL,7.00E+12,BUENO,AMPLIFICADOR DE BOCINAS,SALA DIGITAL,S/O,0,Quique
6481,1,MEZCLADORA DE AUDIO,KRAMER,102MX,3090944656,BUENO,MEZCLADOR DE AUDIO DE 2 CANALES,SALA DIGITAL,S/O,0,Quique
6482,1,BOCINA,TOA,BS-1030B,N/A,BUENO,BOCINAS DE MURO,SALA DIGITAL,S/O,0,Quique
6483,1,BOCINA,TOA,BS-1030B,N/A,BUENO,BOCINAS DE MURO,SALA DIGITAL,S/O,0,Quique
6484,1,PROCESADOR DE AUDIO,N/A,MPC-M10BT,5249687,BUENO,PROCESADOR DE CONTROL,SALA DIGITAL,S/O,0,Quique
6485,1,VIDEO PROYECTOR,HITACHI,CP-A100,20560,BUENO,VIDEO PROYECTOR DE TIRO CORTO,SALA DIGITAL,S/O,0,Quique
6486,1,EQUIPO DE VIDEO CONFERENCIA,RADVISION,XT-1000,1036181307,BUENO,EQUIPO DE VIDEO CONFERENCIAS,SALA DIGITAL,S/O,0,Quique
6487,1,CAMARA ROBOTICA ,SONY,EVI-D100,152141,BUENO,CAMARA ROBOTICA PARA VIDEO CONFERENCIA,SALA DIGITAL,S/O,0,Quique
6489,1,MONITOR,LG,M2762DL,007RMZLDV901,BUENO,"MONITOR LCD 19""",SALA DIGITAL,S/O,0,Quique
6490,1,PIZARRON DIGITAL,GTCO,2177,77732706,BUENO,PIZARRON DIGITAL,SALA DIGITAL,S/O,0,Quique
6491,1,SWITCH,KRAMER,VP211K,9.10E+12,BUENO,SWITCH AUTOMATICO VGA,SALA DIGITAL,S/O,0,Quique
6493,1,NOBREAK,N/A,BSMAR1108,500530,BUENO,NOBREAK,SALA DIGITAL,S/O,0,Quique
6494,1,DISTRIBUIDORA DE VGA,KRAMER,VP200K,1.21E+13,BUENO,DISTRIBUIDORA DE VGA CON AUDIO,SALA DIGITAL,S/O,0,Quique
7888,1,REGULADOR,TDE,MAX1000,N/A,BUENO,REGULADOR DE EQUIPO DE COMPUTO,SALA DIGITAL,S/O,0,Quique
7898,1,ESCRITORIO,N/A,N/A,N/A,REGULAR,ESCRITORIO PEDESTAL DE AGLOMERADO CON FORMAICA NEGRA,SALA DE COMPUTO,S/O,0,Quique
7901,1,REGULADOR,TDE,MAX1000,N/A,BUENO,REGULADOR DE EQUIPO DE COMPUTO,UNIDAD DE INFORMATICA,S/O,0,Quique
7928,1,REGULADOR,SOLA ISB,MICROVOLT INET,E00B868A,BUENO,REGULADOR DE EQUIPO DE COMPUTO,UNIDAD DE INFORMATICA,S/O,0,Quique
7942,1,ESCRITORIO,OLIMPIC,23827,N/A,BUENO,ESCRITORIO PEDESTAL DE AGLOMERADO CON FORMAICA NEGRA,UNIDAD DE INFORMATICA; BIBLIOTECA,S/O,0,Quique
7954,1,ESCRITORIO,N/A,N/A,N/A,REGULAR,ESCRITORIO PEDESTAL DE AGLOMERADO CON FORMAICA NEGRA,UNIDAD DE INFORMATICA,S/O,0,Quique
7963,1,REGULADOR,SOLA ISB,MICROVOLT INET,E98B39972,BUENO,REGULADOR DE EQUIPO DE COMPUTO,SALA DIGITAL,S/O,0,Quique
7964,1,LAMPARA,DESING,N/A,N/A,REGULAR,LAMPARA CON PEDESTAL,SALA 2 RACK,S/O,0,Quique
7983,1,REGULADOR,SOLA ISB,MICROVOLT INET,E0OOE20266,BUENO,REGULADOR DE EQUIPO DE COMPUTO,SALA DIGITAL,S/O,0,Quique
8031,1,ESCRITORIO,N/A,N/A,N/A,BUENO,ESCRITORIO PEDESTAL DE AGLOMERADO CON FORMAICA NEGRA,UNIDAD DE INFORMATICA,S/O,0,Quique
8044,1,PANTALLA DE PROYECCION ELECTRICA,N/A,N/A,N/A,BUENO,PANTALLA DE PROYECCION ELECTRICA,SALA DE COMPUTO,S/O,0,Quique
8045,1,PINTARRON,ALFHER,N/A,N/A,BUENO,PINTARRON ALFHER,SALA DE COMPUTO,S/O,0,Quique
8050,1,BOCINA,AIWA,N/A,N/A,BUENO,BOCINA AIWA,SALA DE COMPUTO,S/O,0,Quique
8065,1,MESA,SIN MARCA,Sin Modelo,N/A,Bueno,Aglomerado c/Formaica Negra,UNIDAD DE INFORMATICA,S/O,0,Quique
8083,1,REGULADOR,TDE,MAX1000,N/A,BUENO,REGULADOR TDE MAX1000,SALA DIGITAL,S/O,0,Quique
8088,1,GRABADORA,SONY,CFD-S32,1239928,BUENO,GRABADORA SONY CFD-S32,SALA DIGITAL,S/O,0,Quique
8190,1,ESCRITORIO,N/A,N/A,N/A,BUENO,ESCRITORIO PEDESTAL DE AGLOMERADO CON FORMAICA NEGRA,SALA DE COMPUTO,S/O,0,Quique
8204,1,ROTAFOLIO,N/A,N/A,N/A,BUENO,ROTAFOLIO,SALA 2 RACK,S/O,0,Quique
8230,1,ESCRITORIO,N/A,N/A,N/A,BUENO,ESCRITORIO PEDESTAL DE AGLOMERADO CON FORMAICA NEGRA,SALA DE COMPUTO,S/O,0,Quique
8232,1,ESCRITORIO,N/A,N/A,N/A,BUENO,ESCRITORIO PEDESTAL DE AGLOMERADO CON FORMAICA NEGRA,SALA DE COMPUTO,S/O,0,Quique
8235,1,ESCRITORIO,N/A,N/A,N/A,BUENO,ESCRITORIO PEDESTAL DE AGLOMERADO CON FORMAICA NEGRA,SALA DE COMPUTO,S/O,0,Quique
8241,1,PINTARRON,N/A,N/A,N/A,BUENO,PINTARRON,SALA DIGITAL,S/O,0,Quique
8248,1,BOCINA,AIWA,SXR100,N/A,BUENO,BOCINAS,SALA DIGITAL,S/O,0,Quique
8337,1,REGULADOR,SOLA ISB,MICROVOLT INET,EOODO1150,BUENO,REGULADOR DE EQUIPO DE COMPUTO,SALA DIGITAL,S/O,0,Quique
8339,1,REGULADOR,SOLA ISB,MICROVOLT INET,EOOB86797,BUENO,REGULADOR DE EQUIPO DE COMPUTO,UNIDAD DE INFORMATICA,S/O,0,Quique
8341,1,REGULADOR,SOLA ISB,MICROVOLT INET,EOOE20320,BUENO,REGULADOR DE EQUIPO DE COMPUTO,UNIDAD DE INFORMATICA,S/O,0,Quique
8342,1,REGULADOR,SOLA ISB,MICROVOLT INET,EOOE20312,BUENO,REGULADOR DE EQUIPO DE COMPUTO,SALA DIGITAL,S/O,0,Quique
8346,1,REGULADOR,SOLA ISB,MICROVOLT INET,EOOB86778,BUENO,REGULADOR DE EQUIPO DE COMPUTO,SALA DIGITAL,S/O,0,Quique
8347,1,REGULADOR,SOLA ISB,MICROVOLT INET,EOOE28075,BUENO,REGULADOR DE EQUIPO DE COMPUTO,SALA DIGITAL,S/O,0,Quique
8370,1,REGULADOR,SOLA ISB,N/A,N/A,BUENO,REGULADOR DE EQUIPO DE COMPUTO,SALA DIGITAL,S/O,0,Quique
8450,1,PEDESTAL,AMPESA,N/A,N/A,REGULAR,PEDESTAL PARA MICROFONO DE PISO,AUDITORIO,S/O,0,Quique
8472,1,REGULADOR,SOLA ISB,MICROVOLT INET,N/A,BUENO,REGULADOR DE EQUIPO DE COMPUTO,BODEGA SALA DIGITAL,S/O,0,Quique
8480,1,REGULADOR,SOLA ISB,N/A,N/A,BUENO,REGULADOR DE EQUIPO DE COMPUTO,BODEGA SALA DIGITAL,S/O,0,Quique
8495,1,ESCRITORIO,N/A,N/A,N/A,BUENO,ESCRITORIO PEDESTAL DE AGLOMERADO CON FORMAICA NEGRA,SALA DE COMPUTO,S/O,0,Quique
8522,1,SILLA,N/A,N/A,N/A,BUENO,SILLA FIJA PLIANA NEGRA,SALA DE COMPUTO,S/O,0,Quique
8548,1,SILLA,N/A,N/A,N/A,BUENO,SILLA FIJA PLIANA NEGRA,SALA DE COMPUTO,S/O,0,Quique
8585,1,ESCRITORIO,N/A,N/A,N/A,BUENO,ESCRITORIO PEDESTAL DE AGLOMERADO CON FORMAICA NEGRA,UNIDAD DE INFORMATICA; BIBLIOTECA,S/O,0,Quique
14294,1,CONVERTIDOR DE MEDIOS,ALLIED TELESIS,AT-MC101XL-10,A034514111400037D,BUENO,CONVERTIDOR DE MEDIOS,RACK COLON,S/O,0,Quique
14624,1,SWITCH,N/A,AT-FS724L,A04195R112601584A1,BUENO,FAST ETHERNET DE 24 PUERTOS 10/100 RJ45,SALA 2 RACK,S/O,0,Quique
37294,1,EXTINGUIDOR,N/A,N/A,N/A,BUENO,EXTINGUIDOR DE POLVO QUIMICO SECO CAPACIDAD 2KG,SALA DE COMPUTO,S/O,0,Quique
37300,1,EXTINGUIDOR,N/A,N/A,N/A,BUENO,EXTINGUIDOR DE POLVO QUIMICO SECO CAPACIDAD 4KG,SALA DIGITAL,S/O,0,Quique
44018,1,ESTANTES/ANAQUELES,N/A,N/A,N/A,BUENO,ANAQUEL METALICO NEGRO,UNIDAD DE INFORMATICA; BIBLIOTECA,S/O,0,Quique
44060,1,MESA,N/A,N/A,N/A,BUENO,MESA DE AGLOMERADO CON FORMAICA BLANCA,SALA DE COMPUTO,S/O,0,Quique
44061,1,MESA,N/A,N/A,N/A,BUENO,MESA DE AGLOMERADO CON FORMAICA BLANCA,SALA DE COMPUTO,S/O,0,Quique
44062,1,MESA,N/A,N/A,N/A,BUENO,MESA DE AGLOMERADO CON FORMAICA BLANCA,SALA DE COMPUTO,S/O,0,Quique
44063,1,MESA,N/A,N/A,N/A,BUENO,MESA DE AGLOMERADO CON FORMAICA BLANCA,SALA DE COMPUTO,S/O,0,Quique
44064,1,MESA,N/A,N/A,N/A,BUENO,MESA DE AGLOMERADO CON FORMAICA BLANCA,SALA DE COMPUTO,S/O,0,Quique
44066,1,MESA,N/A,N/A,N/A,BUENO,MESA DE AGLOMERADO CON FORMAICA BLANCA,SALA DE COMPUTO,S/O,0,Quique
44067,1,MESA,N/A,N/A,N/A,BUENO,MESA DE AGLOMERADO CON FORMAICA BLANCA,SALA DE COMPUTO,S/O,0,Quique
44070,1,MESA,N/A,N/A,N/A,BUENO,MESA DE AGLOMERADO CON FORMAICA BLANCA,SALA DE COMPUTO,S/O,0,Quique
147281,1,CONMUTADOR,PANASONIC,N/A,N/A,BUENO,CONMUTADOR,SALA 2 RACK,S/O,0,Quique
148149,1,MESA,N/A,N/A,N/A,BUENO,MESA DE CONTROL PARA EQUIPO,SALA DIGITAL,S/O,0,Quique
148150,1,SILLA,N/A,N/A,N/A,BUENO,SILLA OPERATIVA (ZETA),SALA DIGITAL,S/O,0,Quique
148151,1,SILLA,N/A,N/A,N/A,BUENO,SILLA OPERATIVA (ZETA),SALA DIGITAL,S/O,0,Quique
148152,1,SILLA,N/A,N/A,N/A,BUENO,SILLA OPERATIVA (ZETA),SALA DIGITAL,S/O,0,Quique
148153,1,SILLA,N/A,N/A,N/A,BUENO,SILLA OPERATIVA (ZETA),SALA DIGITAL,S/O,0,Quique
148154,1,SILLA,N/A,N/A,N/A,BUENO,SILLA OPERATIVA (ZETA),SALA DIGITAL,S/O,0,Quique
148155,1,SILLA,N/A,N/A,N/A,BUENO,SILLA OPERATIVA (ZETA),SALA DIGITAL,S/O,0,Quique
148156,1,SILLA,N/A,N/A,N/A,BUENO,SILLA OPERATIVA (ZETA),SALA DIGITAL,S/O,0,Quique
148157,1,SILLA,N/A,N/A,N/A,BUENO,SILLA OPERATIVA (ZETA),SALA DIGITAL,S/O,0,Quique
148158,1,SILLA,N/A,N/A,N/A,BUENO,SILLA OPERATIVA (ZETA),SALA DIGITAL,S/O,0,Quique
148159,1,SILLA,N/A,N/A,N/A,BUENO,SILLA OPERATIVA (ZETA),SALA DIGITAL,S/O,0,Quique
148160,1,SILLA,N/A,N/A,N/A,BUENO,SILLA OPERATIVA (ZETA),SALA DIGITAL,S/O,0,Quique
148161,1,SILLA,N/A,N/A,N/A,BUENO,SILLA OPERATIVA (ZETA),SALA DIGITAL,S/O,0,Quique
148162,1,SILLA,N/A,N/A,N/A,BUENO,SILLA OPERATIVA (ZETA),SALA DIGITAL,S/O,0,Quique
148163,1,SILLA,N/A,N/A,N/A,BUENO,SILLA OPERATIVA (ZETA),SALA DIGITAL,S/O,0,Quique
148164,1,SILLA,N/A,N/A,N/A,BUENO,SILLA OPERATIVA (ZETA),SALA DIGITAL,S/O,0,Quique
148165,1,SILLA,N/A,N/A,N/A,BUENO,SILLA OPERATIVA (ZETA),SALA DIGITAL,S/O,0,Quique
148166,1,SILLA,N/A,N/A,N/A,BUENO,SILLA OPERATIVA (ZETA),SALA DIGITAL,S/O,0,Quique
148167,1,SILLA,N/A,N/A,N/A,BUENO,SILLA OPERATIVA (ZETA),SALA DIGITAL,S/O,0,Quique
148168,1,SILLA,N/A,N/A,N/A,BUENO,SILLA OPERATIVA (ZETA),SALA DIGITAL,S/O,0,Quique
148169,1,SILLA,N/A,N/A,N/A,BUENO,SILLA OPERATIVA (ZETA),SALA DIGITAL,S/O,0,Quique
148170,1,SILLA,N/A,N/A,N/A,BUENO,SILLA OPERATIVA (ZETA),SALA DIGITAL,S/O,0,Quique
148171,1,SILLA,N/A,N/A,N/A,BUENO,SILLA OPERATIVA (ZETA),SALA DIGITAL,S/O,0,Quique
148172,1,SILLA,N/A,N/A,N/A,BUENO,SILLA OPERATIVA (ZETA),SALA DIGITAL,S/O,0,Quique
148173,1,SILLA,N/A,N/A,N/A,BUENO,SILLA OPERATIVA (ZETA),SALA DIGITAL,S/O,0,Quique
148174,1,SILLA,N/A,N/A,N/A,BUENO,SILLA OPERATIVA (ZETA),SALA DIGITAL,S/O,0,Quique
148175,1,MESA,N/A,N/A,N/A,BUENO,MESA DE COMPUTO,SALA DIGITAL,S/O,0,Quique
148176,1,MESA,N/A,N/A,N/A,BUENO,MESA DE COMPUTO,SALA DIGITAL,S/O,0,Quique
148177,1,MESA,N/A,N/A,N/A,BUENO,MESA DE COMPUTO,SALA DIGITAL,S/O,0,Quique
148178,1,MESA,N/A,N/A,N/A,BUENO,MESA DE COMPUTO,SALA DIGITAL,S/O,0,Quique
148179,1,MESA,N/A,N/A,N/A,BUENO,MESA DE COMPUTO,SALA DIGITAL,S/O,0,Quique
148180,1,MESA,N/A,N/A,N/A,BUENO,MESA DE COMPUTO,SALA DIGITAL,S/O,0,Quique
148181,1,MESA,N/A,N/A,N/A,BUENO,MESA DE COMPUTO,SALA DIGITAL,S/O,0,Quique
148182,1,MESA,N/A,N/A,N/A,BUENO,MESA DE COMPUTO,SALA DIGITAL,S/O,0,Quique
148183,1,MESA,N/A,N/A,N/A,BUENO,MESA DE COMPUTO,SALA DIGITAL,S/O,0,Quique
148184,1,MESA,N/A,N/A,N/A,BUENO,MESA DE COMPUTO,SALA DIGITAL,S/O,0,Quique
148185,1,MESA,N/A,N/A,N/A,BUENO,MESA DE COMPUTO,SALA DIGITAL,S/O,0,Quique
148186,1,MESA,N/A,N/A,N/A,BUENO,MESA DE COMPUTO,SALA DIGITAL,S/O,0,Quique
170113,1,CONCENTRADOR DE RED,N/A,STU-160,984415238,BUENO,CONCENTRADOR DE RED STU-160,SALA 2 RACK,BAJA,0,Quique
205446,1,PANTALLA DE PROYECCION ELECTRICA,DA-LITE,N/A,N/A,BUENO,PANTALLA DE PROYECCION ELECTRICA DA-LITE,AUDITORIO,S/O,0,Quique
206841,1,SWITCH,CISCO,CATALIST 2900,FAB0536Y0K2,BUENO,SWITCH CISCO 3882A089,SALA 2 RACK,S/O,0,Quique
219286,1,ARCHIVERO,N/A,N/A,N/A,EXCELENTE,ARCHIVERO METALICO DE 3 GAVETAS,UNIDAD DE INFORMATICA,S/O,0,Quique
234558,1,IMPRESORA,HP,LASER JET 2300D,CNBGH32043,BUENO,IMPRESORA HP LASERJET 2300D,SALA DIGITAL,S/O,0,Quique
235810,1,REGULADOR,SOLA ISB,MICROVOLT INET 2000,E04H33351,BUENO,REGULADOR SOLA ISB MICROVOLT INET 2000,UNIDAD DE INFORMATICA,S/O,0,Quique
235812,1,REGULADOR,SOLA ISB,MICROVOLT INET 2000,E04H33398,BUENO,REGULADOR SOLA ISB MICROVOLT INET 2000,SALA DIGITAL,S/O,0,Quique
235813,1,REGULADOR,SOLA ISB,MICROVOLT INET 2000,E04H33417,BUENO,REGULADOR SOLA ISB MICROVOLT INET 2000,SALA DIGITAL,S/O,0,Quique
235814,1,REGULADOR,SOLA ISB,MICROVOLT INET 2000,E0H33352,EXCELENTE,REGULADOR SOLA ISB MICROVOLT INET 2000,SALA DIGITAL,S/O,0,Quique
235815,1,REGULADOR,SOLA ISB,MICROVOLT INET 2000,E0H33380,BUENO,REGULADOR SOLA ISB MICROVOLT INET 2000,BODEGA SALA DIGITAL,S/O,0,Quique
235818,1,REGULADOR,SOLA ISB,MICROVOLT INET 2000,E0H33391,BUENO,REGULADOR SOLA ISB MICROVOLT INET 2000,BODEGA SALA DIGITAL,S/O,0,Quique
265038,1,IMPRESORA,HP,3055MPF,CNBJ005157,BUENO,IMPRESORA MULTIFUNCIONAL LASER JET ,SALA DIGITAL,S/O,0,Quique
266076,1,CONVERTIDOR DE FIBRA OPTICA,ALLIED TELESYN,AT-MC101XL-10,A03157L0604001DMA,BUENO,CONVERTIDORES DE FIBRA OPTICA,SALA 2 RACK,S/O,0,Quique
281070,1,SWITCH,CISCO,CATALIST 2960,FOC1123U51P,BUENO,SWITCH CISCO DE 24 PUERTOS,SALA 2 RACK,S/O,0,Quique
297426,1,NOBREAK,SOLA ISB,BASIC,E08G11439,BUENO,NOBREAK DE 800VA,SALA DIGITAL,BAJA,0,Quique
297429,1,NOBREAK,SOLA ISB,BASIC,E08G11461,BUENO,NOBREAK DE 800VA,SALA 2 RACK,S/O,0,Quique
297433,1,NOBREAK,SOLA ISB,BASIC,E08F13708,BUENO,NOBREAK DE 800VA,SALA DE COMPUTO,BAJA,0,Quique
297606,1,IMPRESORA,HP,LASER JET P2015,CNB1P75171,BUENO,IMPRESORA LASER JET P2015 ,SALA DIGITAL,S/O,0,Quique
297738,1,P.C.,HP,A6400LA,MXX8290DK0,BUENO,P.C. HP MODELO PAVILLION -PROCESADOR INTEL COREY 2,SALA DIGITAL,S/O,0,Quique
297739,1,P.C.,HP,A6400LA,MXX8290DDH,REGULAR,P.C. HP MODELO PAVILLION -PROCESADOR INTEL COREY 2,SALA DIGITAL,S/O,0,Quique
297740,1,P.C.,HP,A6400LA,MXX8290FV1,BUENO,P.C. HP MODELO PAVILLION -PROCESADOR INTEL COREY 2,SALA DIGITAL,S/O,0,Quique
297741,1,P.C.,HP,A6400LA,MXX8290CVJ,BUENO,P.C. HP MODELO PAVILLION -PROCESADOR INTEL COREY 2,SALA DIGITAL,S/O,0,Quique
297742,1,P.C.,HP,A6400LA,MXX8290F8C,BUENO,P.C. HP MODELO PAVILLION -PROCESADOR INTEL COREY 2,SALA DE COMPUTO,BAJA,0,Quique
297743,1,P.C.,HP,A6400LA,MXX8290DDJ,REGULAR,P.C. HP MODELO PAVILLION -PROCESADOR INTEL COREY 2,SALA DIGITAL,S/O,0,Quique
297745,1,P.C.,HP,A6400LA,MXX8290FMG,BUENO,P.C. HP MODELO PAVILLION -PROCESADOR INTEL COREY 2,SALA DIGITAL,S/O,0,Quique
297746,1,P.C.,HP,A6400LA,MXX8290G2G,BUENO,P.C. HP MODELO PAVILLION -PROCESADOR INTEL COREY 2,SALA DIGITAL,S/O,0,Quique
297747,1,P.C.,HP,A6400LA,MXX8290FJ5,BUENO,P.C. HP MODELO PAVILLION -PROCESADOR INTEL COREY 2,SALA DIGITAL,S/O,0,Quique
297748,1,P.C.,HP,A6400LA,MXX8290DRL,BUENO,P.C. HP MODELO PAVILLION -PROCESADOR INTEL COREY 2,SALA DIGITAL,S/O,0,Quique
297749,1,P.C.,HP,A6400LA,MXX8290DK4,BUENO,P.C. HP MODELO PAVILLION -PROCESADOR INTEL COREY 2,SALA DIGITAL,S/O,0,Quique
297750,1,P.C.,HP,A6400LA,MXX8290DYM,BUENO,P.C. HP MODELO PAVILLION -PROCESADOR INTEL COREY 2,SALA DIGITAL,S/O,0,Quique
297751,1,P.C.,HP,A6400LA,MXX8290FCS,BUENO,P.C. HP MODELO PAVILLION -PROCESADOR INTEL COREY 2,SALA DIGITAL,S/O,0,Quique
297752,1,P.C.,HP,A6400LA,MXX8290FMF,BUENO,P.C. HP MODELO PAVILLION -PROCESADOR INTEL COREY 2,SALA DIGITAL,S/O,0,Quique
297753,1,MONITOR,HP,W1907,CNC82509VV,BUENO,MONITOR HP MODELO W1907,BODEGA SALA DIGITAL,S/O,0,Quique
297755,1,MONITOR,HP,W1907,CNC8250D9G,BUENO,MONITOR HP MODELO W1907,SALA DIGITAL,S/O,0,Quique
297758,1,MONITOR,HP,W1907,CNC8250B2P,BUENO,MONITOR HP MODELO W1907,BODEGA SALA DE COMPUTO,S/O,0,Quique
297760,1,MONITOR,HP,W1907,CNC82509VX,BUENO,MONITOR HP MODELO W1907,SALA DIGITAL,S/O,0,Quique
297761,1,MONITOR,HP,W1907,CNC8250D9Y,BUENO,MONITOR HP MODELO W1907,BODEGA SALA DIGITAL,S/O,0,Quique
297762,1,MONITOR,HP,W1907,CNC8250DB0,BUENO,MONITOR HP MODELO W1907,SALA DIGITAL,S/O,0,Quique
297764,1,MONITOR,HP,W1907,CNC8250B2R,BUENO,MONITOR HP MODELO W1907,BODEGA SALA DIGITAL,S/O,0,Quique
297765,1,MONITOR,HP,W1907,CNC8250D8Y,BUENO,MONITOR HP MODELO W1907,SALA DIGITAL,S/O,0,Quique
297766,1,MONITOR,HP,W1907,CNC82509VS,BUENO,MONITOR HP MODELO W1907,SALA DIGITAL,S/O,0,Quique
297767,1,MONITOR,HP,W1916,CNC8250B2W,BUENO,MONITOR HP MODELO W1907,SALA DIGITAL,S/O,0,Quique
297961,1,P.C.,HP,A6400LA,MXX8290DDF,BUENO,P.C. HP MODELO PAVILLION -PROCESADOR INTEL COREY ,SALA DIGITAL,S/O,0,Quique
297962,1,P.C.,HP,A6400LA,MXX8290D74,BUENO,P.C. HP MODELO PAVILLION -PROCESADOR INTEL COREY ,SALA DE COMPUTO,BAJA,0,Quique
297965,1,P.C.,HP,A6400LA,MXX82502FH,BUENO,P.C. HP MODELO PAVILLION -PROCESADOR INTEL COREY ,SALA DE COMPUTO,S/O,0,Quique
297971,1,P.C.,HP,A6400LA,MXX82502CW,BUENO,P.C. HP MODELO PAVILLION -PROCESADOR INTEL COREY ,SALA DIGITAL,S/O,0,Quique
297973,1,MONITOR,HP,W1907,CNC8250B2G,BUENO,MONITOR HP MODELO W1907,BODEGA SALA DIGITAL,S/O,0,Quique
297974,1,MONITOR,HP,W1907,CNC8250B2N,BUENO,MONITOR HP MODELO W1907,SALA DIGITAL,S/O,0,Quique
297975,1,MONITOR,HP,W1907,CNC8250B2J,BUENO,MONITOR HP MODELO W1907,SALA DIGITAL,S/O,0,Quique
297976,1,MONITOR,HP,W1907,CNC8250B2Q,REGULAR,MONITOR HP MODELO W1907,BODEGA SALA DIGITAL,S/O,0,Quique
297977,1,MONITOR,HP,W1907,CNC8250B2L,BUENO,MONITOR HP MODELO W1907,BODEGA SALA DIGITAL,S/O,0,Quique
297979,1,MONITOR,HP,W1907,CNC8280427,BUENO,MONITOR HP MODELO W1907,SALA DIGITAL,S/O,0,Quique
297981,1,MONITOR,HP,W1907,CNC828042C,BUENO,MONITOR HP MODELO W1907,BODEGA SALA DIGITAL,S/O,0,Quique
297982,1,MONITOR,HP,W1907,CNC828041P,BUENO,MONITOR HP MODELO W1907,SALA DIGITAL,S/O,0,Quique
297983,1,MONITOR,HP,W1907,CNC828041W,BUENO,MONITOR HP MODELO W1907,BODEGA SALA DIGITAL,S/O,0,Quique
297984,1,MONITOR,HP,W1907,CNC8280424,BUENO,MONITOR HP MODELO W1907,BODEGA SALA DIGITAL,S/O,0,Quique
297985,1,MONITOR,HP,W1907,CNC8280429,BUENO,MONITOR HP MODELO W1907,BODEGA SALA DIGITAL,S/O,0,Quique
297986,1,MONITOR,HP,W1907,CNC828042B,BUENO,MONITOR HP MODELO W1907,BODEGA SALA DIGITAL,S/O,0,Quique
307138,1,MESA,N/A,N/A,N/A,BUENO,MESA PARA COMPUTADORA; BODEGA EN RECONSTRUCCION,SALA DE COMPUTO,S/O,0,Quique
307139,1,MESA,N/A,N/A,N/A,BUENO,MESA PARA COMPUTADORA; BODEGA EN RECONSTRUCCION,SALA DE COMPUTO,S/O,0,Quique
307140,1,MESA,N/A,N/A,N/A,BUENO,MESA PARA COMPUTADORA; BODEGA EN RECONSTRUCCION,SALA DE COMPUTO,S/O,0,Quique
307141,1,MESA,N/A,N/A,N/A,BUENO,MESA PARA COMPUTADORA; BODEGA EN RECONSTRUCCION,SALA DE COMPUTO,S/O,0,Quique
307142,1,MESA,N/A,N/A,N/A,BUENO,MESA PARA COMPUTADORA; BODEGA EN RECONSTRUCCION,SALA DE COMPUTO,S/O,0,Quique
307143,1,MESA,N/A,N/A,N/A,BUENO,MESA PARA COMPUTADORA; BODEGA EN RECONSTRUCCION,SALA DE COMPUTO,S/O,0,Quique
307144,1,MESA,N/A,N/A,N/A,BUENO,MESA PARA COMPUTADORA; BODEGA EN RECONSTRUCCION,SALA DE COMPUTO,S/O,0,Quique
307145,1,MESA,N/A,N/A,N/A,BUENO,MESA PARA COMPUTADORA; BODEGA EN RECONSTRUCCION,SALA DE COMPUTO,S/O,0,Quique
307146,1,MESA,N/A,N/A,N/A,BUENO,MESA PARA COMPUTADORA; BODEGA EN RECONSTRUCCION,SALA DE COMPUTO,S/O,0,Quique
307147,1,MESA,N/A,N/A,N/A,BUENO,MESA PARA COMPUTADORA; BODEGA EN RECONSTRUCCION,SALA DE COMPUTO,S/O,0,Quique
315126,1,P.C.,HP,DC5800,MXJ93705XV,BUENO,"1 GB RAM 320 GB DISCO DURO DVD+/-RW MONITOR LCD 18.5""",SALA DIGITAL,S/O,0,Quique
315136,1,P.C.,HP,DC5800,MXJ93705V3,BUENO,"1 GB RAM 320 GB DISCO DURO DVD+/-RW MONITOR LCD 18.5""",SALA DIGITAL,S/O,0,Quique
315141,1,P.C.,HP,DC5800,MXJ93705T5,BUENO,"1 GB RAM 320 GB DISCO DURO DVD+/-RW MONITOR LCD 18.5""",UNIDAD DE INFORMATICA,S/O,0,Quique
315143,1,P.C.,HP,DC5800,MXJ93705S2,REGULAR,"1 GB RAM 320 GB DISCO DURO DVD+/-RW MONITOR LCD 18.5""",UNIDAD DE INFORMATICA,S/O,0,Quique
315144,1,P.C.,HP,DC5800,MXJ93705SD,BUENO,"1 GB RAM 320 GB DISCO DURO DVD+/-RW MONITOR LCD 18.5""",SALA DE COMPUTO,BAJA,0,Quique
315145,1,P.C.,HP,DC5800,MXJ93705TX,BUENO,"1 GB RAM 320 GB DISCO DURO DVD+/-RW MONITOR LCD 18.5""",SALA DIGITAL,S/O,0,Quique
315151,1,P.C.,HP,DC5800,MXJ93705YW,BUENO,"1 GB RAM 320 GB DISCO DURO DVD+/-RW MONITOR LCD 18.5""",SALA DIGITAL,S/O,0,Quique
315183,1,MONITOR,HP,LE1851W,CNC934P57V,BUENO,"MONITOR LCD 18.5""",BODEGA SALA DIGITAL,S/O,0,Quique
315185,1,MONITOR,HP,LE1851W,CNC934P57S,BUENO,"MONITOR LCD 18.5""",BODEGA SALA DE COMPUTO,S/O,0,Quique
315187,1,MONITOR,HP,LE1851W,CNC934P5ST,BUENO,"MONITOR LCD 18.5""",SALA DIGITAL,S/O,0,Quique
315197,1,MONITOR,HP,LE1851W,CNC934P68Z,BUENO,"MONITOR LCD 18.5""",BODEGA SALA DIGITAL,S/O,0,Quique
315203,1,MONITOR,HP,LE1851W,CNC934P50B,BUENO,"MONITOR LCD 18.5""",SALA DIGITAL,S/O,0,Quique
316030,1,MESA,N/A,N/A,N/A,BUENO,MESA,SALA DIGITAL,S/O,0,Quique
316034,1,CONCENTRADOR DE RED,SENTRY,AT-3612,N/A,BUENO,CONCENTRADOR DE RED SENTRY AT-3612,SALA 2 RACK,BAJA,0,Quique
316309,1,IMPRESORA,CANON,MP190,N/A,BUENO,IMPRESORA CANON MP190,SALA DIGITAL,S/O,0,Quique
323470,1,P.C.,HP,DC7900,MXJ0010DZP,BUENO,P.C. HP DC7900,SALA DIGITAL,S/O,0,Quique
323484,1,P.C.,HP,DC7900,MXJ0010DZK,BUENO,P.C. HP DC7900,SALA DIGITAL,S/O,0,Quique
323501,1,MONITOR,HP,LE1901W,3CQ9441C9T,BUENO,MONITOR HP LE1901W,SALA DIGITAL,S/O,0,Quique
323504,1,MONITOR,HP,LE1901W,3CQ9441CD4,BUENO,MONITOR HP LE1901W,BODEGA SALA DIGITAL,S/O,0,Quique
324105,1,LAPTOP,TOSHIBA,SATELLITE L515 SP4929R,X9228523Q,Bueno,LAPTOP TOSHIBA SATELLITE L515,UNIDAD DE INFORMATICA,S/O,0,Quique
324108,1,LAPTOP,TOSHIBA,SATELLITE L515 S94929R,X9228169Q,REGULAR,LAPTOP TOSHIBA SATELLITE L515 S94929R,UNIDAD DE INFORMATICA,S/O,0,Quique
324111,1,LAPTOP,TOSHIBA,SATELLITE L515 S94929R,X9232408Q,REGULAR,LAPTOP TOSHIBA SATELLITE L515 S94929R,UNIDAD DE INFORMATICA,S/O,0,Quique
325930,1,REGULADOR,SOLA BASIC,N/A,N/A,BUENO,REGULADOR DE EQUIPO DE COMPUTO,SALA DIGITAL,S/O,0,Quique
328212,1,VIDEO PROYECTOR,SONY,UPL-DX11,,BUENO,VIDEO PROYECTOR,SALA 1,S/O,0,Quique
328213,1,VIDEO PROYECTOR,SONY,UPL-DX11,,BUENO,VIDEO PROYECTOR,SALA 2,S/O,0,Quique
329787,1,P.C.,HACER,VERITON M670G,PS00823126019002,BUENO,P.C. HACER VERITON M670G,SALA DIGITAL,S/O,0,Quique
330124,1,MONITOR,HACER,V193WB,ETLV1080850090A3,BUENO,"MONITOR LCD 19""",SALA DIGITAL,S/O,0,Quique
337865,1,IMPRESORA,HP,LASER JET PRO CP1225NW,CNBF313329,BUENO,IMPRESORA LASER JET PRO CP1225NW A COLOR,SALA DIGITAL,S/O,0,Quique
337866,1,IMPRESORA,H. P.,LASERJET PRO CP1225NW,CNBF313318,Regular,LASER A COLOR,UNIDAD DE INFORMATICA,S/O,0,Quique
344944,1,SILLA,N/A,N/A,N/A,BUENO,SILLA SECRETARIAL GIRATORIA SI,SALA DIGITAL,S/O,0,Quique
344945,1,SILLA,N/A,N/A,N/A,BUENO,SILLA SECRETARIAL GIRATORIA SI,SALA DIGITAL,S/O,0,Quique
344946,1,SILLA,N/A,N/A,N/A,BUENO,SILLA SECRETARIAL GIRATORIA SI,SALA DIGITAL,S/O,0,Quique
344947,1,SILLA,N/A,N/A,N/A,BUENO,SILLA SECRETARIAL GIRATORIA SI,SALA DIGITAL,S/O,0,Quique
344948,1,SILLA,N/A,N/A,N/A,BUENO,SILLA SECRETARIAL GIRATORIA SI,SALA DIGITAL,S/O,0,Quique
344949,1,SILLA,N/A,N/A,N/A,BUENO,SILLA SECRETARIAL GIRATORIA SI,SALA DIGITAL,S/O,0,Quique
344950,1,SILLA,N/A,N/A,N/A,BUENO,SILLA SECRETARIAL GIRATORIA SI,SALA DIGITAL,S/O,0,Quique
344951,1,SILLA,N/A,N/A,N/A,BUENO,SILLA SECRETARIAL GIRATORIA SI,SALA DIGITAL,S/O,0,Quique
344952,1,SILLA,N/A,N/A,N/A,BUENO,SILLA SECRETARIAL GIRATORIA SI,SALA DIGITAL,S/O,0,Quique
344953,1,SILLA,N/A,N/A,N/A,BUENO,SILLA SECRETARIAL GIRATORIA SI,SALA DIGITAL,S/O,0,Quique
344954,1,SILLA,N/A,N/A,N/A,BUENO,SILLA SECRETARIAL GIRATORIA SI,SALA DIGITAL,S/O,0,Quique
344955,1,SILLA,N/A,N/A,N/A,BUENO,SILLA SECRETARIAL GIRATORIA SI,SALA DIGITAL,S/O,0,Quique
344956,1,SILLA,N/A,N/A,N/A,BUENO,SILLA SECRETARIAL GIRATORIA SI,SALA DIGITAL,S/O,0,Quique
344957,1,SILLA,N/A,N/A,N/A,BUENO,SILLA SECRETARIAL GIRATORIA SI,SALA DIGITAL,S/O,0,Quique
344958,1,SILLA,N/A,N/A,N/A,BUENO,SILLA SECRETARIAL GIRATORIA SI,SALA DIGITAL,S/O,0,Quique
344959,1,SILLA,N/A,N/A,N/A,BUENO,SILLA SECRETARIAL GIRATORIA SI,SALA DIGITAL,S/O,0,Quique
344960,1,MESA,N/A,N/A,N/A,BUENO,MESA PARA COMPUTADORA,SALA DIGITAL,S/O,0,Quique
344961,1,MESA,N/A,N/A,N/A,BUENO,MESA PARA COMPUTADORA,SALA DIGITAL,S/O,0,Quique
344962,1,MESA,N/A,N/A,N/A,BUENO,MESA PARA COMPUTADORA,SALA DIGITAL,S/O,0,Quique
344963,1,MESA,N/A,N/A,N/A,BUENO,MESA PARA COMPUTADORA,SALA DIGITAL,S/O,0,Quique
344964,1,MESA,N/A,N/A,N/A,BUENO,MESA PARA COMPUTADORA,SALA DIGITAL,S/O,0,Quique
344965,1,MESA,N/A,N/A,N/A,BUENO,MESA PARA COMPUTADORA,SALA DIGITAL,S/O,0,Quique
344966,1,MESA,N/A,N/A,N/A,BUENO,MESA PARA COMPUTADORA,SALA DIGITAL,S/O,0,Quique
344967,1,MESA,N/A,N/A,N/A,BUENO,MESA PARA COMPUTADORA,SALA DIGITAL,S/O,0,Quique
346786,1,P.C.,HP,P6730LA,MXX1090YH8,BUENO,P.C. HP P6730LA,SALA DIGITAL,S/O,0,Quique
346787,1,P.C.,HP,P6730LA,MXX1090YCM,BUENO,P.C. HP P6730LA,UNIDAD DE INFORMATICA,S/O,0,Quique
346788,1,P.C.,HP,P6730LA,MXX1090YDG,BUENO,P.C. HP P6730LA,SALA DIGITAL,S/O,0,Quique
346789,1,P.C.,HP,P6730LA,MXX109012V,BUENO,P.C. HP P6730LA,SALA DIGITAL,S/O,0,Quique
346790,1,P.C.,HP,P6730LA,MXX1090XWU,BUENO,P.C. HP P6730LA,UNIDAD DE INFORMATICA,S/O,0,Quique
346791,1,MONITOR,HP,2011X,CNC111P5L8,BUENO,"MONITOR HP PAVILION 2011X 20""",UNIDAD DE INFORMATICA,S/O,0,Quique
346792,1,MONITOR,HP,2011X,CNC111P5L88,BUENO,"MONITOR HP PAVILION 2011X 20""",SALA DIGITAL,S/O,0,Quique
346793,1,MONITOR,HP,2011X,CNC1070GPS,BUENO,"MONITOR HP PAVILION 2011X 20""",SALA DIGITAL,S/O,0,Quique
346794,1,MONITOR,HP,2011X,CNC111P60K,BUENO,"MONITOR HP PAVILION 2011X 20""",SALA DIGITAL,S/O,0,Quique
363565,1,CAMARA DIGITAL,CANON,EOS REBEL T3I,1.42E+11,EXCELENTE,CAMARA DIGITAL CANON EOS REBEL T3I,UNIDAD DE INFORMATICA,S/O,0,Quique
366370,1,IMPRESORA,EPSON,FX-890,NZBY045280,EXCELENTE,IMPRESORA EPSON FX-890 MATRIZ DE PUNTO,SALA DIGITAL,S/O,0,Quique
374896,1,RUTEADOR,TP-LINK,TLWR941ND,12862302116,REGULAR,RUTEADOR TP-LINK TLWR941ND,UNIDAD DE INFORMATICA,S/O,0,Quique
374898,1,P.C.,HP,P6-2302LA,MXX245037D,BUENO,P.C. HP P6-2302LA,SALA DIGITAL,S/O,0,Quique
374899,1,P.C.,HP,P6-2302LA,MXX245037F,BUENO,P.C. HP P6-2302LA,SALA DIGITAL,S/O,0,Quique
374900,1,P.C.,HP,P6-2302LA,MXX245037G,BUENO,P.C. HP P6-2302LA,SALA DIGITAL,BAJA,0,Quique
374901,1,P.C.,HP,P6-2302LA,MXX2450347,BUENO,P.C. HP P6-2302LA,SALA DIGITAL,BAJA,0,Quique
374902,1,P.C.,HP,P6-2302LA,MXX24502VS,BUENO,P.C. HP P6-2302LA,SALA DIGITAL,S/O,0,Quique
374903,1,P.C.,HP,P6-2302LA,MXX24502WZ,BUENO,P.C. HP P6-2302LA,SALA DIGITAL,S/O,0,Quique
374904,1,P.C.,HP,P6-2302LA,MXX24502SY,BUENO,P.C. HP P6-2302LA,SALA DIGITAL,S/O,0,Quique
374905,1,P.C.,HP,P6-2302LA,MXX245034B,BUENO,P.C. HP P6-2302LA,UNIDAD DE INFORMATICA,S/O,0,Quique
374906,1,P.C.,HP,P6-2302LA,MXX245037J,BUENO,P.C. HP P6-2302LA,SALA DIGITAL,S/O,0,Quique
374908,1,P.C.,HP,P6-2302LA,MXX24503CR,BUENO,P.C. HP P6-2302LA,SALA DIGITAL,S/O,0,Quique
374910,1,P.C.,HP,P6-2302LA,MXX24502SX,REGULAR,P.C. HP P6-2302LA,SALA DIGITAL,S/O,0,Quique
374912,1,P.C.,HP,P6-2302LA,MXX24502RZ,BUENO,P.C. HP P6-2302LA,SALA DIGITAL,S/O,0,Quique
374913,1,P.C.,HP,P6-2302LA,MXX24502TZ,BUENO,P.C. HP P6-2302LA,SALA DIGITAL,S/O,0,Quique
374914,1,P.C.,HP,P6-2302LA,MXX2450345,BUENO,P.C. HP P6-2302LA,SALA DIGITAL,S/O,0,Quique
374915,1,P.C.,HP,P6-2302LA,MXX24502VV,BUENO,P.C. HP P6-2302LA,SALA DIGITAL,S/O,0,Quique
374916,1,P.C.,HP,P6-2302LA,MXX24502W7,BUENO,P.C. HP P6-2302LA,SALA DIGITAL,S/O,0,Quique
374917,1,P.C.,HP,P6-2302LA,MXX24502RY,BUENO,P.C. HP P6-2302LA,SALA DIGITAL,S/O,0,Quique
374918,1,P.C.,HP,P6-2302LA,MXX2450335,BUENO,P.C. HP P6-2302LA,SALA DIGITAL,S/O,0,Quique
374920,1,P.C.,HP,P6-2302LA,MXX24503DQ,BUENO,P.C. HP P6-2302LA,SALA DIGITAL,S/O,0,Quique
374921,1,P.C.,HP,P6-2302LA,MXX245037H,BUENO,P.C. HP P6-2302LA,SALA DIGITAL,S/O,0,Quique
374922,1,P.C.,HP,P6-2302LA,MXX24502VT,BUENO,P.C. HP P6-2302LA,SALA DIGITAL,S/O,0,Quique
374923,1,MONITOR,HP,2011X,CNC214Q4JZ,BUENO,"MONITOR HP PAVILION 2011X 20""",SALA DIGITAL,S/O,0,Quique
374924,1,MONITOR,HP,2011X,CNC214Q4KF,BUENO,"MONITOR HP PAVILION 2011X 20""",SALA DIGITAL,S/O,0,Quique
374925,1,MONITOR,HP,2011X,CNC214Q46Y,BUENO,"MONITOR HP PAVILION 2011X 20""",SALA DIGITAL,S/O,0,Quique
374926,1,MONITOR,HP,2011X,CNC214PMK1,BUENO,"MONITOR HP PAVILION 2011X 20""",SALA DIGITAL,S/O,0,Quique
374927,1,MONITOR,HP,2011X,CNC214Q49Z,BUENO,"MONITOR HP PAVILION 2011X 20""",SALA DIGITAL,S/O,0,Quique
374928,1,MONITOR,HP,2011X,CNC214Q4XX,BUENO,"MONITOR HP PAVILION 2011X 20""",SALA DIGITAL,S/O,0,Quique
374929,1,MONITOR,HP,2011X,CNC214Q4XZ,BUENO,"MONITOR HP PAVILION 2011X 20""",UNIDAD DE INFORMATICA,S/O,0,Quique
374930,1,MONITOR,HP,2011X,CNC214Q46C,BUENO,"MONITOR HP PAVILION 2011X 20""",SALA DIGITAL,S/O,0,Quique
374931,1,MONITOR,HP,2011X,CNC214Q4JR,BUENO,"MONITOR HP PAVILION 2011X 20""",SALA DIGITAL,S/O,0,Quique
374932,1,MONITOR,HP,2011X,CNC214Q4CH,BUENO,"MONITOR HP PAVILION 2011X 20""",SALA DIGITAL,S/O,0,Quique
374933,1,MONITOR,HP,2011X,CNC214Q4B2,BUENO,"MONITOR HP PAVILION 2011X 20""",SALA DIGITAL,S/O,0,Quique
374934,1,MONITOR,HP,2011X,CNC214Q4XY,BUENO,"MONITOR HP PAVILION 2011X 20""",SALA DIGITAL,S/O,0,Quique
374935,1,MONITOR,HP,2011X,CNC214Q4Y5,BUENO,"MONITOR HP PAVILION 2011X 20""",SALA DIGITAL,S/O,0,Quique
374936,1,MONITOR,HP,2011X,CNC214Q49Y,BUENO,"MONITOR HP PAVILION 2011X 20""",SALA DIGITAL,BAJA,0,Quique
374937,1,MONITOR,HP,2011X,CNC214Q49W,BUENO,"MONITOR HP PAVILION 2011X 20""",SALA DIGITAL,S/O,0,Quique
374938,1,MONITOR,HP,2011X,CNC214PM24,BUENO,"MONITOR HP PAVILION 2011X 20""",SALA DIGITAL,S/O,0,Quique
374939,1,MONITOR,HP,2011X,CNC214Q46W,BUENO,"MONITOR HP PAVILION 2011X 20""",SALA DIGITAL,S/O,0,Quique
374940,1,MONITOR,HP,2011X,CNC214Q4ZR,BUENO,"MONITOR HP PAVILION 2011X 20""",SALA DIGITAL,S/O,0,Quique
374941,1,MONITOR,HP,2011X,CNC214Q4YT,BUENO,"MONITOR HP PAVILION 2011X 20""",SALA DIGITAL,S/O,0,Quique
374942,1,MONITOR,HP,2011X,CNC214Q4XM,BUENO,"MONITOR HP PAVILION 2011X 20""",SALA DIGITAL,S/O,0,Quique
374943,1,MONITOR,HP,2011X,CNC214Q4XS,BUENO,"MONITOR HP PAVILION 2011X 20""",SALA DIGITAL,S/O,0,Quique
374944,1,MONITOR,HP,2011X,CNC214Q4JY,BUENO,"MONITOR HP PAVILION 2011X 20""",SALA DIGITAL,S/O,0,Quique
374945,1,MONITOR,HP,2011X,CNC214Q4JT,BUENO,"MONITOR HP PAVILION 2011X 20""",SALA DIGITAL,S/O,0,Quique
374946,1,MONITOR,HP,2011X,CNC214Q4BP,BUENO,"MONITOR HP PAVILION 2011X 20""",SALA DIGITAL,S/O,0,Quique
374947,1,MONITOR,HP,2011X,CNC214Q4K3,BUENO,"MONITOR HP PAVILION 2011X 20""",SALA DIGITAL,S/O,0,Quique
374949,1,NO BREAK,SIN MCA.,EBRO 400,830007646,Regular,MCA. ZIGOR,UNIDAD DE INFORMATICA,S/O,0,Quique
374950,1,NOBREAK,ZIGOR,EBRO 400,830000074,BUENO,NOBREAK ZIGOR EBRO 400,SALA DIGITAL,S/O,0,Quique
374951,1,NOBREAK,ZIGOR,EBRO 400,830007734,BUENO,NOBREAK ZIGOR EBRO 400,SALA DIGITAL,S/O,0,Quique
374952,1,NOBREAK,ZIGOR,EBRO 400,830007753,BUENO,NOBREAK ZIGOR EBRO 400,SALA DIGITAL,S/O,0,Quique
374953,1,NOBREAK,ZIGOR,EBRO 400,830008349,BUENO,NOBREAK ZIGOR EBRO 400,SALA DIGITAL,S/O,0,Quique
374954,1,NOBREAK,ZIGOR,EBRO 400,830006136,BUENO,NOBREAK ZIGOR EBRO 400,SALA DIGITAL,S/O,0,Quique
374956,1,NOBREAK,ZIGOR,EBRO 400,830007756,BUENO,NOBREAK ZIGOR EBRO 400,SALA DIGITAL,S/O,0,Quique
374957,1,NOBREAK,ZIGOR,EBRO 400,830007679,BUENO,NOBREAK ZIGOR EBRO 400,SALA DIGITAL,S/O,0,Quique
374958,1,NOBREAK,ZIGOR,EBRO 400,830007712,BUENO,NOBREAK ZIGOR EBRO 400,SALA DIGITAL,S/O,0,Quique
374961,1,NOBREAK,ZIGOR,EBRO 400,830006150,BUENO,NOBREAK ZIGOR EBRO 400,SALA 2 RACK,S/O,0,Quique
374962,1,NOBREAK,ZIGOR,EBRO 400,830008519,BUENO,NOBREAK ZIGOR EBRO 400,SALA DIGITAL,S/O,0,Quique
374964,1,NOBREAK,ZIGOR,EBRO 400,830008212,BUENO,NOBREAK ZIGOR EBRO 400,SALA DIGITAL,S/O,0,Quique
374965,1,NOBREAK,ZIGOR,EBRO 400,830008506,REGULAR,NOBREAK ZIGOR EBRO 400,UNIDAD DE INFORMATICA,S/O,0,Quique
374966,1,NO BREAK,SIN MCA.,EBRO 400,830008517,Regular,MCA. ZIGOR,UNIDAD DE INFORMATICA,S/O,0,Quique
374968,1,NOBREAK,ZIGOR,EBRO 400,830007656,BUENO,NOBREAK ZIGOR EBRO 400,BODEGA SALA DIGITAL,S/O,0,Quique
374969,1,NOBREAK,ZIGOR,EBRO 400,830008211,BUENO,NOBREAK ZIGOR EBRO 400,SALA DIGITAL,S/O,0,Quique
374970,1,NOBREAK,ZIGOR,EBRO 400,830008362,BUENO,NOBREAK ZIGOR EBRO 400,SALA DIGITAL,S/O,0,Quique
374971,1,NOBREAK,ZIGOR,EBRO 400,830008433,REGULAR,NOBREAK ZIGOR EBRO 400,SALA DIGITAL,S/O,0,Quique
374972,1,NOBREAK,ZIGOR,EBRO 400,830008361,BUENO,NOBREAK ZIGOR EBRO 400,SALA DIGITAL,S/O,0,Quique
374974,1,NOBREAK,ZIGOR,EBRO 400,830000080,BUENO,NOBREAK ZIGOR EBRO 400,SALA 2 RACK,S/O,0,Quique
374976,1,NOBREAK,ZIGOR,EBRO 400,830000091,BUENO,NOBREAK ZIGOR EBRO 400,SALA DIGITAL,S/O,0,Quique
374977,1,NOBREAK,ZIGOR,EBRO 400,830008445,BUENO,NOBREAK ZIGOR EBRO 400,SALA DIGITAL,S/O,0,Quique
374979,1,NOBREAK,ZIGOR,EBRO 400,830008417,BUENO,NOBREAK ZIGOR EBRO 400,UNIDAD DE INFORMATICA,S/O,0,Quique
374980,1,NOBREAK,ZIGOR,EBRO 400,830008419,BUENO,NOBREAK ZIGOR EBRO 400,UNIDAD DE INFORMATICA,S/O,0,Quique
374981,1,NOBREAK,ZIGOR,EBRO 400,830000093,REGULAR,NOBREAK ZIGOR EBRO 400,UNIDAD DE INFORMATICA,S/O,0,Quique
384872,1,SERVIDOR,HP,DL 160,MXQ30801WB,BUENO,SERVIDOR HP DL 160,UNIDAD DE INFORMATICA,S/O,0,Quique
385248,1,SWITCH,CISCO,WS-C2960-24TT-L,FCQ1716Y528,BUENO,SWITCH CISCO WS-C2960-24TT-L,SALA 2 RACK,S/O,0,Quique
390797,1,TELEFONO DIGITAL,PANASONIC,KX-TS500ME,21BKB244530,BUENO,TELEFONO DIGITAL PANASONIC KX-TS500ME,UNIDAD DE INFORMATICA,S/O,0,Quique
399111,1,IMPRESORA,HP,M551N CF081A,CMCCF1K0Q1,BUENO,IMPRESORA HP M551N CF081A LASERJET A COLOR,SALA DIGITAL,S/O,0,Quique
399113,1,IMPRESORA,HP,M551N CF081A,CMCCF1K0N2,BUENO,IMPRESORA HP M551N CF081A LASERJET A COLOR,SALA DIGITAL,S/O,0,Quique
409297,1,ACCESS POINT,TP-LINK,TLWA901ND,N/A,BUENO,ACCESS POINT TP-LINK TLWA901ND,UNIDAD DE INFORMATICA,S/O,0,Quique
409298,1,ACCESS POINT,TP-LINK,TLWA901ND,N/A,BUENO,ACCESS POINT TP-LINK TLWA901ND,UNIDAD DE INFORMATICA,S/O,0,Quique
425431,1,MIMIO TEACH,DYMO,ICD 02-01,C70ED24F,BUENO,MIMIO TEACH DYMO ICD 02-01,SALA DIGITAL,S/O,0,Quique
427183,1,ACCESS POINT,ARUBA,AP-135,AX0475162,BUENO,ACCESS POINT ARUBA AP-135,SALA DE ESPERA,S/O,0,Quique
427184,1,ACCESS POINT,ARUBA,AP-135,AX0390974,BUENO,ACCESS POINT ARUBA AP-135,UNIDAD DE INFORMATICA,S/O,0,Quique
427185,1,ACCESS POINT,ARUBA,AP-135,AX0474759,BUENO,ACCESS POINT ARUBA AP-135,SALA DIGITAL,S/O,0,Quique
427187,1,ACCESS POINT,ARUBA,AP-135,AX0584489,BUENO,ACCESS POINT ARUBA AP-135,SALA 3,S/O,0,Quique
437305,1,MIMIO VOTE,DYMO,MIMIO VOTE,620FDA7,BUENO,MIMIO VOTE DYMO 620FDA7,SALA DIGITAL,S/O,0,Quique
437306,1,MIMIO VIEW,DYMO,MIMIO VIEW,M05D37954,BUENO,MIMIO VIEW DYMO M05D37954,SALA DIGITAL,S/O,0,Quique
438886,1,MIMIO CAPTURE,DYMO,MIMIO CAPTURE,8862D175,BUENO,MIMIO CAPTURE DYMO 8862D175,SALA DIGITAL,S/O,0,Quique
439349,1,MIMIO TEACH,DYMO,MIMIO TEACH,1D3C8889,BUENO,MIMIO TEACH DYMO 1D3C8889,SALA DIGITAL,S/O,0,Quique
439350,1,MIMIO CAPTURE,DYMO,MIMIO CAPTURE,8862D175,BUENO,MIMIO CAPTURE DYMO 8862D175,SALA DIGITAL,S/O,0,Quique
439351,1,MIMIO VIEW,DYMO,MIMIO VIEW,956606A9,BUENO,MIMIO VIEW DYMO 956606A9,SALA DIGITAL,S/O,0,Quique
439352,1,MIMIO VOTE,DYMO,MIMIO VOTE,24ACE22E,BUENO,MIMIO VOTE DYMO 24ACE22E,SALA DIGITAL,S/O,0,Quique
447723,1,SILLON SEMI-EJECUTIVO,N/A,N/A,N/A,REGULAR,SILLON SEMI-EJECUTIVO,UNIDAD DE INFORMATICA,S/O,0,Quique
447748,1,NOBREAK,KOBLENZ,4816R,171224396,EXCELENTE,NOBREAK KOBLENZ 4816R,UNIDAD DE INFORMATICA,S/O,0,Quique
448133,1,SILLA FIJA,SIN MCA.,N/A,N/A,Excelente,SILLA,UNIDAD DE INFORMATICA,S/O,0,Quique
448136,1,SILLA FIJA,SIN MCA.,N/A,N/A,Excelente,SILLA,UNIDAD DE INFORMATICA,S/O,0,Quique
448162,1,SILLA,N/A,N/A,N/A,BUENO,SILLA FIJA ,SALA DE COMPUTO,S/O,0,Quique
448163,1,SILLA,N/A,N/A,N/A,BUENO,SILLA FIJA ,SALA DE COMPUTO,S/O,0,Quique
448164,1,SILLA,N/A,N/A,N/A,BUENO,SILLA FIJA ,SALA DE COMPUTO,S/O,0,Quique
448165,1,SILLA,N/A,N/A,N/A,BUENO,SILLA FIJA ,SALA DE COMPUTO,S/O,0,Quique
448166,1,SILLA,N/A,N/A,N/A,BUENO,SILLA FIJA ,SALA DE COMPUTO,S/O,0,Quique
448167,1,SILLA,N/A,N/A,N/A,BUENO,SILLA FIJA ,SALA DE COMPUTO,S/O,0,Quique
448168,1,SILLA,N/A,N/A,N/A,BUENO,SILLA FIJA ,SALA DE COMPUTO,S/O,0,Quique
448169,1,SILLA,N/A,N/A,N/A,BUENO,SILLA FIJA ,SALA DE COMPUTO,S/O,0,Quique
448170,1,SILLA,N/A,N/A,N/A,BUENO,SILLA FIJA ,SALA DE COMPUTO,S/O,0,Quique
448171,1,SILLA,N/A,N/A,N/A,BUENO,SILLA FIJA ,SALA DE COMPUTO,S/O,0,Quique
448172,1,SILLA,N/A,N/A,N/A,BUENO,SILLA FIJA ,SALA DE COMPUTO,S/O,0,Quique
448173,1,SILLA,N/A,N/A,N/A,BUENO,SILLA FIJA ,SALA DE COMPUTO,S/O,0,Quique
448174,1,SILLA,N/A,N/A,N/A,BUENO,SILLA FIJA ,SALA DE COMPUTO,S/O,0,Quique
448175,1,SILLA,N/A,N/A,N/A,BUENO,SILLA FIJA ,SALA DE COMPUTO,S/O,0,Quique
448176,1,SILLA,N/A,N/A,N/A,BUENO,SILLA FIJA ,SALA DE COMPUTO,S/O,0,Quique
448177,1,SILLA,N/A,N/A,N/A,BUENO,SILLA FIJA ,SALA DE COMPUTO,S/O,0,Quique
448178,1,SILLA,N/A,N/A,N/A,BUENO,SILLA FIJA ,SALA DE COMPUTO,S/O,0,Quique
448179,1,SILLA,N/A,N/A,N/A,BUENO,SILLA FIJA ,SALA DE COMPUTO,S/O,0,Quique
448180,1,SILLA,N/A,N/A,N/A,BUENO,SILLA FIJA ,SALA DE COMPUTO,S/O,0,Quique
448181,1,SILLA,N/A,N/A,N/A,BUENO,SILLA FIJA ,SALA DE COMPUTO,S/O,0,Quique
448182,1,SILLA,N/A,N/A,N/A,BUENO,SILLA FIJA ,SALA DE COMPUTO,S/O,0,Quique
448183,1,SILLA,N/A,N/A,N/A,BUENO,SILLA FIJA ,SALA DE COMPUTO,S/O,0,Quique
448184,1,SILLA,N/A,N/A,N/A,BUENO,SILLA FIJA ,SALA DE COMPUTO,S/O,0,Quique
448185,1,SILLA,N/A,N/A,N/A,BUENO,SILLA FIJA ,SALA DE COMPUTO,S/O,0,Quique
448755,1,WORKSTATION,HP,Z240,8292BTC,EXCELENTE,ESTACION DE TRABAJO HP Z240,UNIDAD DE INFORMATICA,S/O,0,Quique
448756,1,MONITOR,HP,N223V,8100MV9,EXCELENTE,"MONITOR HP N223V 21.5""",UNIDAD DE INFORMATICA,S/O,0,Quique
448961,1,NO BREAK,CDP,RUSMAT1010,4060500,Bueno,NO BREAK CDP RUSMAT1010,UNIDAD DE INFORMATICA,S/O,0,Quique
448971,1,COMPUTADORA ALL IN ONE,LENOVO,V310Z,S1H0W4KV,Regular,COMPUTADORA ALL IN ONE LENOVO V310Z,UNIDAD DE INFORMATICA,S/O,0,Quique
449067,1,WHITEBOARD PEN,N/A,N/A,N/A,BUENO,WHITEBOARD PEN,SALA DIGITAL,S/O,0,Quique
449068,1,WHITEBOARD PEN,N/A,N/A,N/A,BUENO,WHITEBOARD PEN,SALA DIGITAL,S/O,0,Quique
455642,1,NOBREAK,CDP,R-SMART,3901003,EXCELENTE,NOBREAK R-SMART 3901003,UNIDAD DE INFORMATICA,S/O,0,Quique
455644,1,NOBREAK,CDP,R-SMART,3901005,EXCELENTE,NOBREAK R-SMART 3901005,UNIDAD DE INFORMATICA,S/O,0,Quique
457292,1,P.C.,GHIA,FRONTIER,357606,BUENO,P.C. GHIA FRONTIER 357606,UNIDAD DE INFORMATICA,S/O,0,Quique
457293,1,P.C.,GHIA,FRONTIER,357620,EXCELENTE,P.C.  GHIA FRONTIER 357620,UNIDAD DE INFORMATICA,S/O,0,Quique
457421,1,IMAC,APPLE,A2115,L0J3JV3P,EXCELENTE,"IMAC A2115 27""",UNIDAD DE INFORMATICA,S/O,0,Quique
457425,1,IMAC,APPLE,A2115,209MJV3Y,EXCELENTE,"IMAC A2115 27""",UNIDAD DE INFORMATICA,S/O,0,Quique
461665,1,KIT DE ILUMINACION,N/A,N/A,N/A,EXCELENTE,KIT DE ILUMINACION,UNIDAD DE INFORMATICA,S/O,0,Quique
461825,1,SWITCH,LINKSYS,LGS326,14B10C99907260,EXCELENTE,SWITCH LINKSYS LGS326,UNIDAD DE INFORMATICA,S/O,0,Quique
461826,1,SWITCH,LINKSYS,LGS326,14B10C99907349,EXCELENTE,SWITCH LINKSYS LGS326,UNIDAD DE INFORMATICA,S/O,0,Quique
461929,1,AMPLIFICADOR DE SONIDO,BEHRINGER,EUROLIVE,5200100106A4W,EXCELENTE,ALTAVOZ PROFESIONAL,UNIDAD DE INFORMATICA,S/O,0,Quique
461931,1,SERVIDOR,LENOVO,ST550,JI00ERG1,Excelente,SERVIDOR LENOVO ST550,UNIDAD DE INFORMATICA,S/O,0,Quique
